Workbook

Sheet Week Ending 2.28
A1: Week Ending | B1: 46081
A2: Day of Week | B2: Date | C2: Person | D2: Hours Worked | E2: Tasks completed | F2: Hourly Rate | G2: Total Compensation
A3: Monday | B3: =B1-5 -> 46076 | C3: Tyler | D3: 1 | E3: Added deliverables and project tasks section to SOW | F3: {=_xlfn.IFS(C3="Tyler",21.5,C3="Jacob",22.5,C3="Michael",21.5)} -> 21.5 | G3: =D3*F3 -> 21.5
A4: Tuesday | B4: =B3+1 -> 46077 | C4: Jacob | D4: 1.5 | E4: Format SOW, input roles and responsibilities | F4: {=_xlfn.IFS(C4="Tyler",21.5,C4="Jacob",22.5,C4="Michael",21.5)} -> 22.5 | G4: =D4*F4 -> 33.75
A5: Wednesday | B5: =B4+1 -> 46078 | C5: Michael | D5: 1 | E5: Review and finalize goals and objectives of SOW | F5: {=_xlfn.IFS(C5="Tyler",21.5,C5="Jacob",22.5,C5="Michael",21.5)} -> 21.5 | G5: =D5*F5 -> 21.5
A6: Thursday | B6: =B5+1 -> 46079 | C6: Jacob | D6: 0.2 | E6: Submit SOW | F6: {=_xlfn.IFS(C6="Tyler",21.5,C6="Jacob",22.5,C6="Michael",21.5)} -> 22.5 | G6: =D6*F6 -> 4.5
A7: Friday | B7: =B6+1 -> 46080 | C7: Jacob | D7: 0.4 | E7: Create Timesheet Template | F7: {=_xlfn.IFS(C7="Tyler",21.5,C7="Jacob",22.5,C7="Michael",21.5)} -> 22.5 | G7: =D7*F7 -> 9
A8: Total | D8: =SUM(D3:D7) -> 4.1 | E8: Total | G8: =SUM(G3:G7) -> 90.25
B12: Individual Totals for the Week | C12: Cost
B14: Tyler | C14: =SUMIF($C$3:$C$7, B14, $G$3:$G$7) -> 21.5
B15: Jacob | C15: =SUMIF($C$3:$C$7, B15, $G$3:$G$7) -> 47.25
B16: Michael | C16: =SUMIF($C$3:$C$7, B16, $G$3:$G$7) -> 21.5
B17: TOTAL COST | C17: =SUM(C14:C16) -> 90.25

Sheet Week Ending 3.7
A1: Week Ending | B1: 46088
A2: Day of Week | B2: Date | C2: Person | D2: Hours Worked | E2: Tasks completed | F2: Hourly Rate | G2: Total Compensation
A3: Monday | B3: =B1-5 -> 46083 | C3: Jacob | D3: 0 | F3: {=_xlfn.IFS(C3="Tyler",21.5,C3="Jacob",22.5,C3="Michael",21.5)} -> 22.5 | G3: =D3*F3 -> 0
A4: Tuesday | B4: =B3+1 -> 46084 | C4: Michael | D4: 0 | F4: {=_xlfn.IFS(C4="Tyler",21.5,C4="Jacob",22.5,C4="Michael",21.5)} -> 21.5 | G4: =D4*F4 -> 0
A5: Wednesday | B5: =B4+1 -> 46085 | C5: Tyler | D5: 0 | F5: {=_xlfn.IFS(C5="Tyler",21.5,C5="Jacob",22.5,C5="Michael",21.5)} -> 21.5 | G5: =D5*F5 -> 0
A6: Thursday | B6: =B5+1 -> 46086 | C6: Jacob | D6: 0 | F6: {=_xlfn.IFS(C6="Tyler",21.5,C6="Jacob",22.5,C6="Michael",21.5)} -> 22.5 | G6: =D6*F6 -> 0
A7: Friday | B7: =B9 -> 46087 | C7: Jacob | D7: 0.5 | E7: Flow Chart Discussion | F7: {=_xlfn.IFS(C7="Tyler",21.5,C7="Jacob",22.5,C7="Michael",21.5)} -> 22.5 | G7: =D7*F7 -> 11.25
A8: Friday | B8: =B9 -> 46087 | C8: Tyler | D8: 0.5 | E8: Flow Chart Discussion | F8: {=_xlfn.IFS(C8="Tyler",21.5,C8="Jacob",22.5,C8="Michael",21.5)} -> 21.5 | G8: =D8*F8 -> 10.75
A9: Friday | B9: =B6+1 -> 46087 | C9: Michael | D9: 0.5 | E9: Flow Chart Discussion | F9: {=_xlfn.IFS(C9="Tyler",21.5,C9="Jacob",22.5,C9="Michael",21.5)} -> 21.5 | G9: =D9*F9 -> 10.75
A10: Total | D10: =SUM(D3:D9) -> 1.5 | E10: Total | G10: =SUM(G3:G9) -> 32.75
B14: Individual Totals for the Week | C14: Cost
B16: Tyler | C16: =SUMIF($C$3:$C$9, B16, $G$3:$G$9) -> 10.75
B17: Jacob | C17: =SUMIF($C$3:$C$9, B17, $G$3:$G$9) -> 11.25
B18: Michael | C18: =SUMIF($C$3:$C$9, B18, $G$3:$G$9) -> 10.75
B19: TOTAL COST | C19: =SUM(C16:C18) -> 32.75

Sheet Week Ending 3.14
A1: Week Ending | B1: 46095
A2: Day of Week | B2: Date | C2: Person | D2: Hours Worked | E2: Tasks completed | F2: Hourly Rate | G2: Total Compensation
A3: Monday | B3: =B1-5 -> 46090 | C3: Jacob | D3: 0 | F3: {=_xlfn.IFS(C3="Tyler",21.5,C3="Jacob",22.5,C3="Michael",21.5,C3="Bryce",21.5)} -> 22.5 | G3: =D3*F3 -> 0
A4: Tuesday | B4: =B3+1 -> 46091 | C4: Michael | D4: 0 | F4: {=_xlfn.IFS(C4="Tyler",21.5,C4="Jacob",22.5,C4="Michael",21.5)} -> 21.5 | G4: =D4*F4 -> 0
A5: Wednesday | B5: =B4+1 -> 46092 | C5: Jacob | D5: 1.5 | E5: Complete and submit flow diagram | F5: {=_xlfn.IFS(C5="Tyler",21.5,C5="Jacob",22.5,C5="Michael",21.5)} -> 22.5 | G5: =D5*F5 -> 33.75
A6: Wednesday | B6: =B5 -> 46092 | C6: Tyler | D6: 1.5 | E6: Complete and submit flow diagram | F6: {=_xlfn.IFS(C6="Tyler",21.5,C6="Jacob",22.5,C6="Michael",21.5)} -> 21.5 | G6: =D6*F6 -> 32.25
A7: Thursday | B7: =B5+1 -> 46093 | C7: Tyler | D7: 0 | F7: {=_xlfn.IFS(C7="Tyler",21.5,C7="Jacob",22.5,C7="Michael",21.5)} -> 21.5 | G7: =D7*F7 -> 0
A8: Friday | B8: =B7+1 -> 46094 | C8: Michael | D8: 0 | F8: {=_xlfn.IFS(C8="Tyler",21.5,C8="Jacob",22.5,C8="Michael",21.5)} -> 21.5 | G8: =D8*F8 -> 0
A9: Total | D9: =SUM(D3:D8) -> 3 | E9: Total | G9: =SUM(G3:G8) -> 66
B13: Individual Totals for the Week | C13: Cost
B15: Tyler | C15: =SUMIF($C$3:$C$8, B15, $G$3:$G$8) -> 32.25
B16: Jacob | C16: =SUMIF($C$3:$C$8, B16, $G$3:$G$8) -> 33.75
B17: Michael | C17: =SUMIF($C$3:$C$8, B17, $G$3:$G$8) -> 0
B18: TOTAL COST | C18: =SUM(C15:C17) -> 66

Sheet Week Ending 3.21
A1: Week Ending | B1: 46102
A2: Day of Week | B2: Date | C2: Person | D2: Hours Worked | E2: Tasks completed | F2: Hourly Rate | G2: Total Compensation
A3: Monday | B3: =B1-5 -> 46097 | C3: Jacob | D3: 0 | F3: {=_xlfn.IFS(C3="Tyler",21.5,C3="Jacob",22.5,C3="Michael",21.5,C3="Bryce",21.5)} -> 22.5 | G3: =D3*F3 -> 0
A4: Tuesday | B4: =B3+1 -> 46098 | C4: Michael | D4: 0 | F4: {=_xlfn.IFS(C4="Tyler",21.5,C4="Jacob",22.5,C4="Michael",21.5,C4="Bryce",21.5)} -> 21.5 | G4: =D4*F4 -> 0
A5: Wednesday | B5: =B4+1 -> 46099 | C5: Tyler | D5: 0 | F5: {=_xlfn.IFS(C5="Tyler",21.5,C5="Jacob",22.5,C5="Michael",21.5,C5="Bryce",21.5)} -> 21.5 | G5: =D5*F5 -> 0
A6: Wednesday | B6: =B5 -> 46099 | C6: Jacob | D6: 0 | F6: {=_xlfn.IFS(C6="Tyler",21.5,C6="Jacob",22.5,C6="Michael",21.5,C6="Bryce",21.5)} -> 22.5 | G6: =D6*F6 -> 0
A7: Thursday | B7: =B5+1 -> 46100 | C7: Michael | D7: 0 | F7: {=_xlfn.IFS(C7="Tyler",21.5,C7="Jacob",22.5,C7="Michael",21.5,C7="Bryce",21.5)} -> 21.5 | G7: =D7*F7 -> 0
A8: Friday | B8: =B7+1 -> 46101 | C8: Tyler | D8: 0 | F8: {=_xlfn.IFS(C8="Tyler",21.5,C8="Jacob",22.5,C8="Michael",21.5,C8="Bryce",21.5)} -> 21.5 | G8: =D8*F8 -> 0
A9: Total | D9: =SUM(D3:D8) -> 0 | E9: Total | G9: =SUM(G3:G8) -> 0
B13: Individual Totals for the Week | C13: Cost
B15: Tyler | C15: =SUMIF($C$3:$C$8, B15, $G$3:$G$8) -> 0
B16: Jacob | C16: =SUMIF($C$3:$C$8, B16, $G$3:$G$8) -> 0
B17: Michael | C17: =SUMIF($C$3:$C$8, B17, $G$3:$G$8) -> 0
B18: Bryce | C18: =SUMIF($C$3:$C$8, B18, $G$3:$G$8) -> 0
B19: TOTAL COST | C19: =SUMIF($C$3:$C$8, B19, $G$3:$G$8) -> 0

Sheet Week Ending 3.28
A1: Week Ending | B1: 46109
A2: Day of Week | B2: Date | C2: Person | D2: Hours Worked | E2: Tasks completed | F2: Hourly Rate | G2: Total Compensation
A3: Monday | B3: =B1-5 -> 46104 | C3: Jacob | D3: 0 | F3: {=_xlfn.IFS(C3="Tyler",21.5,C3="Jacob",22.5,C3="Michael",21.5,C3="Bryce",21.5)} -> 22.5 | G3: =D3*F3 -> 0
A4: Tuesday | B4: =B3+1 -> 46105 | C4: Michael | D4: 0 | F4: {=_xlfn.IFS(C4="Tyler",21.5,C4="Jacob",22.5,C4="Michael",21.5,C4="Bryce",21.5)} -> 21.5 | G4: =D4*F4 -> 0
A5: Wednesday | B5: =B4+1 -> 46106 | C5: Tyler | D5: 1 | E5: Work on creating reproducable methods | F5: {=_xlfn.IFS(C5="Tyler",21.5,C5="Jacob",22.5,C5="Michael",21.5,C5="Bryce",21.5)} -> 21.5 | G5: =D5*F5 -> 21.5
A6: Wednesday | B6: =B5 -> 46106 | C6: Michael | D6: 1 | E6: Work on creating reproducable methods | F6: {=_xlfn.IFS(C6="Tyler",21.5,C6="Jacob",22.5,C6="Michael",21.5,C6="Bryce",21.5)} -> 21.5 | G6: =D6*F6 -> 21.5
A7: Thursday | B7: =B5+1 -> 46107 | C7: Jacob | D7: 1 | E7: Work on creating reproducable methods | F7: {=_xlfn.IFS(C7="Tyler",21.5,C7="Jacob",22.5,C7="Michael",21.5,C7="Bryce",21.5)} -> 22.5 | G7: =D7*F7 -> 22.5
A8: Friday | B8: =B7+1 -> 46108 | C8: Jacob | D8: 1.5 | E8: Start writing up the initial code | F8: {=_xlfn.IFS(C8="Tyler",21.5,C8="Jacob",22.5,C8="Michael",21.5,C8="Bryce",21.5)} -> 22.5 | G8: =D8*F8 -> 33.75
A9: Total | D9: =SUM(D3:D8) -> 4.5 | E9: Total | G9: =SUM(G3:G8) -> 99.25
B13: Individual Totals for the Week | C13: Cost
B15: Tyler | C15: =SUMIF($C$3:$C$8, B15, $G$3:$G$8) -> 21.5
B16: Jacob | C16: =SUMIF($C$3:$C$8, B16, $G$3:$G$8) -> 56.25
B17: Michael | C17: =SUMIF($C$3:$C$8, B17, $G$3:$G$8) -> 21.5
B18: Bryce | C18: =SUMIF($C$3:$C$8, B18, $G$3:$G$8) -> 0
B19: TOTAL COST | C19: =SUM(C15:C17) -> 99.25

Sheet Week Ending 4.4
A1: Week Ending | B1: 46116
A2: Day of Week | B2: Date | C2: Person | D2: Hours Worked | E2: Tasks completed | F2: Hourly Rate | G2: Total Compensation
A3: Monday | B3: =B1-5 -> 46111 | C3: Michael | D3: 0 | F3: {=_xlfn.IFS(C3="Tyler",21.5,C3="Jacob",22.5,C3="Michael",21.5,C3="Bryce",21.5)} -> 21.5 | G3: =D3*F3 -> 0
A4: Tuesday | B4: =B3+1 -> 46112 | C4: Tyler | D4: 0 | F4: {=_xlfn.IFS(C4="Tyler",21.5,C4="Jacob",22.5,C4="Michael",21.5,C4="Bryce",21.5)} -> 21.5 | G4: =D4*F4 -> 0
A5: Wednesday | B5: =B4+1 -> 46113 | C5: Jacob | D5: 1.5 | E5: Continue working on code for initial results | F5: {=_xlfn.IFS(C5="Tyler",21.5,C5="Jacob",22.5,C5="Michael",21.5,C5="Bryce",21.5)} -> 22.5 | G5: =D5*F5 -> 33.75
A6: Wednesday | B6: =B5 -> 46113 | C6: Tyler | D6: 1.5 | E6: Continue working on code for initial results | F6: {=_xlfn.IFS(C6="Tyler",21.5,C6="Jacob",22.5,C6="Michael",21.5,C6="Bryce",21.5)} -> 21.5 | G6: =D6*F6 -> 32.25
A7: Thursday | B7: =B5+1 -> 46114 | C7: Michael | D7: 0.8 | E7: Review initial results | F7: {=_xlfn.IFS(C7="Tyler",21.5,C7="Jacob",22.5,C7="Michael",21.5,C7="Bryce",21.5)} -> 21.5 | G7: =D7*F7 -> 17.2
A8: Friday | B8: =B7+1 -> 46115 | C8: Tyler | D8: 0 | F8: {=_xlfn.IFS(C8="Tyler",21.5,C8="Jacob",22.5,C8="Michael",21.5,C8="Bryce",21.5)} -> 21.5 | G8: =D8*F8 -> 0
A9: Total | D9: =SUM(D3:D8) -> 3.8 | E9: Total | G9: =SUM(G3:G8) -> 83.2
B13: Individual Totals for the Week | C13: Cost
B15: Tyler | C15: =SUMIF($C$3:$C$8, B15, $G$3:$G$8) -> 32.25
B16: Jacob | C16: =SUMIF($C$3:$C$8, B16, $G$3:$G$8) -> 33.75
B17: Michael | C17: =SUMIF($C$3:$C$8, B17, $G$3:$G$8) -> 17.2
B18: Bryce | C18: =SUMIF($C$3:$C$8, B18, $G$3:$G$8) -> 0
B19: TOTAL COST | C19: =SUM(C15:C17) -> 83.2

Sheet Week Ending 4.11
A1: Week Ending | B1: 46123
A2: Day of Week | B2: Date | C2: Person | D2: Hours Worked | E2: Tasks completed | F2: Hourly Rate | G2: Total Compensation
A3: Monday | B3: =B1-5 -> 46118 | C3: Tyler | D3: 0 | F3: {=_xlfn.IFS(C3="Tyler",21.5,C3="Jacob",22.5,C3="Michael",21.5,C3="Bryce",21.5)} -> 21.5 | G3: =D3*F3 -> 0
A4: Tuesday | B4: =B3+1 -> 46119 | C4: Jacob | D4: 0 | F4: {=_xlfn.IFS(C4="Tyler",21.5,C4="Jacob",22.5,C4="Michael",21.5,C4="Bryce",21.5)} -> 22.5 | G4: =D4*F4 -> 0
A5: Wednesday | B5: =B4+1 -> 46120 | C5: Michael | D5: 0 | F5: {=_xlfn.IFS(C5="Tyler",21.5,C5="Jacob",22.5,C5="Michael",21.5,C5="Bryce",21.5)} -> 21.5 | G5: =D5*F5 -> 0
A6: Thursday | B6: =B5+1 -> 46121 | C6: Tyler | D6: 0 | F6: {=_xlfn.IFS(C6="Tyler",21.5,C6="Jacob",22.5,C6="Michael",21.5,C6="Bryce",21.5)} -> 21.5 | G6: =D6*F6 -> 0
A7: Friday | B7: 46122 | C7: Tyler | D7: 0.7 | E7: Review/TA checkin | F7: {=_xlfn.IFS(C7="Tyler",21.5,C7="Jacob",22.5,C7="Michael",21.5,C7="Bryce",21.5)} -> 21.5 | G7: =D7*F7 -> 15.05
A8: Friday | B8: 46122 | C8: Jacob | D8: 0.7 | E8: Review/TA checkin | F8: {=_xlfn.IFS(C8="Tyler",21.5,C8="Jacob",22.5,C8="Michael",21.5,C8="Bryce",21.5)} -> 22.5 | G8: =D8*F8 -> 15.75
A9: Friday | B9: 46122 | C9: Michael | D9: 0.7 | E9: Review/TA checkin | F9: {=_xlfn.IFS(C9="Tyler",21.5,C9="Jacob",22.5,C9="Michael",21.5,C9="Bryce",21.5)} -> 21.5 | G9: =D9*F9 -> 15.05
A10: Total | D10: =SUM(D3:D9) -> 2.1 | E10: Total | G10: =SUM(G3:G9) -> 45.85
B14: Individual Totals for the Week | C14: Cost
B16: Tyler | C16: =SUMIF($C$3:$C$9, B16, $G$3:$G$9) -> 15.05
B17: Jacob | C17: =SUMIF($C$3:$C$9, B17, $G$3:$G$9) -> 15.75
B18: Michael | C18: =SUMIF($C$3:$C$9, B18, $G$3:$G$9) -> 15.05
B19: Bryce | C19: =SUMIF($C$3:$C$9, B19, $G$3:$G$9) -> 0
B20: TOTAL COST | C20: =SUM(C16:C18) -> 45.85

Sheet Week Ending 4.18
A1: Week Ending | B1: 46130
A2: Day of Week | B2: Date | C2: Person | D2: Hours Worked | E2: Tasks completed | F2: Hourly Rate | G2: Total Compensation
A3: Monday | B3: =B1-5 -> 46125 | C3: Tyler | D3: 0 | F3: {=_xlfn.IFS(C3="Tyler",21.5,C3="Jacob",22.5,C3="Michael",21.5,C3="Bryce",21.5)} -> 21.5 | G3: =D3*F3 -> 0
A4: Tuesday | B4: =B3+1 -> 46126 | C4: Michael | D4: 0 | F4: {=_xlfn.IFS(C4="Tyler",21.5,C4="Jacob",22.5,C4="Michael",21.5,C4="Bryce",21.5)} -> 21.5 | G4: =D4*F4 -> 0
A5: Wednesday | B5: =B4+1 -> 46127 | C5: Bryce | D5: 2 | E5: Review code, and other files to catch up to speed with the progress | F5: {=_xlfn.IFS(C5="Tyler",21.5,C5="Jacob",22.5,C5="Michael",21.5,C5="Bryce",21.5)} -> 21.5 | G5: =D5*F5 -> 43
A6: Wednesday | B6: =B5 -> 46127 | C6: Bryce | D6: 0 | F6: {=_xlfn.IFS(C6="Tyler",21.5,C6="Jacob",22.5,C6="Michael",21.5,C6="Bryce",21.5)} -> 21.5 | G6: =D6*F6 -> 0
A7: Thursday | B7: =B5+1 -> 46128 | C7: Jacob | D7: 0.5 | E7: Compile files for peer review | F7: {=_xlfn.IFS(C7="Tyler",21.5,C7="Jacob",22.5,C7="Michael",21.5,C7="Bryce",21.5)} -> 22.5 | G7: =D7*F7 -> 11.25
A8: Friday | B8: =B7+1 -> 46129 | C8: Tyler | D8: 0 | F8: {=_xlfn.IFS(C8="Tyler",21.5,C8="Jacob",22.5,C8="Michael",21.5,C8="Bryce",21.5)} -> 21.5 | G8: =D8*F8 -> 0
A9: Total | D9: =SUM(D3:D8) -> 2.5 | E9: Total | G9: =SUM(G3:G8) -> 54.25
B13: Individual Totals for the Week | C13: Cost
B15: Tyler | C15: =SUMIF($C$3:$C$8, B15, $G$3:$G$8) -> 0
B16: Jacob | C16: =SUMIF($C$3:$C$8, B16, $G$3:$G$8) -> 11.25
B17: Michael | C17: =SUMIF($C$3:$C$8, B17, $G$3:$G$8) -> 0
B18: Bryce | C18: =SUMIF($C$3:$C$8, B18, $G$3:$G$8) -> 43
B19: TOTAL COST | C19: =SUM(C15:C17) -> 11.25

Sheet Week Ending 4.25
A1: Week Ending | B1: 46137
A2: Day of Week | B2: Date | C2: Person | D2: Hours Worked | E2: Tasks completed | F2: Hourly Rate | G2: Total Compensation
A3: Monday | B3: =B1-5 -> 46132 | C3: Jacob | D3: 0 | F3: {=_xlfn.IFS(C3="Tyler",21.5,C3="Jacob",22.5,C3="Michael",21.5,C3="Bryce",21.5)} -> 22.5 | G3: =D3*F3 -> 0
A4: Tuesday | B4: =B3+1 -> 46133 | C4: Tyler | D4: 0 | F4: {=_xlfn.IFS(C4="Tyler",21.5,C4="Jacob",22.5,C4="Michael",21.5,C4="Bryce",21.5)} -> 21.5 | G4: =D4*F4 -> 0
A5: Wednesday | B5: =B4+1 -> 46134 | C5: Bryce | D5: 0 | F5: {=_xlfn.IFS(C5="Tyler",21.5,C5="Jacob",22.5,C5="Michael",21.5,C5="Bryce",21.5)} -> 21.5 | G5: =D5*F5 -> 0
A6: Wednesday | B6: =B5 -> 46134 | C6: Michael | D6: 0 | F6: {=_xlfn.IFS(C6="Tyler",21.5,C6="Jacob",22.5,C6="Michael",21.5,C6="Bryce",21.5)} -> 21.5 | G6: =D6*F6 -> 0
A7: Thursday | B7: =B5+1 -> 46135 | C7: Tyler | D7: 0 | F7: {=_xlfn.IFS(C7="Tyler",21.5,C7="Jacob",22.5,C7="Michael",21.5,C7="Bryce",21.5)} -> 21.5 | G7: =D7*F7 -> 0
A8: Friday | B8: =B7+1 -> 46136 | C8: Jacob | D8: 2 | E8: Lab Work time | F8: {=_xlfn.IFS(C8="Tyler",21.5,C8="Jacob",22.5,C8="Michael",21.5,C8="Bryce",21.5)} -> 22.5 | G8: =D8*F8 -> 45
A9: Friday | B9: =B8 -> 46136 | C9: Tyler | D9: 2 | E9: Lab Work time | F9: {=_xlfn.IFS(C9="Tyler",21.5,C9="Jacob",22.5,C9="Michael",21.5,C9="Bryce",21.5)} -> 21.5 | G9: =D9*F9 -> 43
A10: Friday | B10: =B9 -> 46136 | C10: Bryce | D10: 2 | E10: Lab Work time | F10: {=_xlfn.IFS(C10="Tyler",21.5,C10="Jacob",22.5,C10="Michael",21.5,C10="Bryce",21.5)} -> 21.5 | G10: =D10*F10 -> 43
A11: Friday | B11: =B9 -> 46136 | C11: Michael | D11: 2 | E11: Lab Work time | F11: {=_xlfn.IFS(C11="Tyler",21.5,C11="Jacob",22.5,C11="Michael",21.5,C11="Bryce",21.5)} -> 21.5 | G11: =D11*F11 -> 43
A12: Total | D12: =SUM(D3:D8) -> 2 | E12: Total | G12: =SUM(G3:G8) -> 45
B16: Individual Totals for the Week | C16: Cost
B18: Tyler | C18: =SUMIF($C$3:$C$11, B18, $G$3:$G$8) -> 43
B19: Jacob | C19: =SUMIF($C$3:$C$11, B19, $G$3:$G$8) -> 45
B20: Michael | C20: =SUMIF($C$3:$C$11, B20, $G$3:$G$8) -> 43
B21: Bryce | C21: =SUMIF($C$3:$C$11, B21, $G$3:$G$8) -> 43
B22: TOTAL COST | C22: =SUM(C18:C20) -> 131

Sheet Week Ending 5.2
A1: Week Ending | B1: 46144
A2: Day of Week | B2: Date | C2: Person | D2: Hours Worked | E2: Tasks completed | F2: Hourly Rate | G2: Total Compensation
A3: Monday | B3: =B1-5 -> 46139 | C3: Tyler | D3: 0 | F3: {=_xlfn.IFS(C3="Tyler",21.5,C3="Jacob",22.5,C3="Michael",21.5,C3="Bryce",21.5)} -> 21.5 | G3: =D3*F3 -> 0
A4: Tuesday | B4: =B3+1 -> 46140 | C4: Michael | D4: 0 | F4: {=_xlfn.IFS(C4="Tyler",21.5,C4="Jacob",22.5,C4="Michael",21.5,C4="Bryce",21.5)} -> 21.5 | G4: =D4*F4 -> 0
A5: Wednesday | B5: =B4+1 -> 46141 | C5: Bryce | D5: 0 | F5: {=_xlfn.IFS(C5="Tyler",21.5,C5="Jacob",22.5,C5="Michael",21.5,C5="Bryce",21.5)} -> 21.5 | G5: =D5*F5 -> 0
A6: Wednesday | B6: =B5 -> 46141 | C6: Bryce | D6: 0 | F6: {=_xlfn.IFS(C6="Tyler",21.5,C6="Jacob",22.5,C6="Michael",21.5,C6="Bryce",21.5)} -> 21.5 | G6: =D6*F6 -> 0
A7: Thursday | B7: =B5+1 -> 46142 | C7: Jacob | D7: 0 | F7: {=_xlfn.IFS(C7="Tyler",21.5,C7="Jacob",22.5,C7="Michael",21.5,C7="Bryce",21.5)} -> 22.5 | G7: =D7*F7 -> 0
A8: Friday | B8: =B7+1 -> 46143 | C8: Tyler | D8: 0 | F8: {=_xlfn.IFS(C8="Tyler",21.5,C8="Jacob",22.5,C8="Michael",21.5,C8="Bryce",21.5)} -> 21.5 | G8: =D8*F8 -> 0
A9: Total | D9: =SUM(D3:D8) -> 0 | E9: Total | G9: =SUM(G3:G8) -> 0
B13: Individual Totals for the Week | C13: Cost
B15: Tyler | C15: =SUMIF($C$3:$C$8, B15, $G$3:$G$8) -> 0
B16: Jacob | C16: =SUMIF($C$3:$C$8, B16, $G$3:$G$8) -> 0
B17: Michael | C17: =SUMIF($C$3:$C$8, B17, $G$3:$G$8) -> 0
B18: Bryce | C18: =SUMIF($C$3:$C$8, B18, $G$3:$G$8) -> 0
B19: TOTAL COST | C19: =SUM(C15:C17) -> 0

Sheet Week Ending 5.9
A1: Week Ending | B1: 46151
A2: Day of Week | B2: Date | C2: Person | D2: Hours Worked | E2: Tasks completed | F2: Hourly Rate | G2: Total Compensation
A3: Monday | B3: =B1-5 -> 46146 | C3: Tyler | D3: 0 | F3: {=_xlfn.IFS(C3="Tyler",21.5,C3="Jacob",22.5,C3="Michael",21.5,C3="Bryce",21.5)} -> 21.5 | G3: =D3*F3 -> 0
A4: Tuesday | B4: =B3+1 -> 46147 | C4: Michael | D4: 0 | F4: {=_xlfn.IFS(C4="Tyler",21.5,C4="Jacob",22.5,C4="Michael",21.5,C4="Bryce",21.5)} -> 21.5 | G4: =D4*F4 -> 0
A5: Wednesday | B5: =B4+1 -> 46148 | C5: Jacob | D5: 0 | F5: {=_xlfn.IFS(C5="Tyler",21.5,C5="Jacob",22.5,C5="Michael",21.5,C5="Bryce",21.5)} -> 22.5 | G5: =D5*F5 -> 0
A6: Wednesday | B6: =B5 -> 46148 | C6: Bryce | D6: 0 | F6: {=_xlfn.IFS(C6="Tyler",21.5,C6="Jacob",22.5,C6="Michael",21.5,C6="Bryce",21.5)} -> 21.5 | G6: =D6*F6 -> 0
A7: Thursday | B7: =B5+1 -> 46149 | C7: Tyler | D7: 2 | E7: Create, and draft the formal report | F7: {=_xlfn.IFS(C7="Tyler",21.5,C7="Jacob",22.5,C7="Michael",21.5,C7="Bryce",21.5)} -> 21.5 | G7: =D7*F7 -> 43
A8: Thursday | B8: =B6+1 -> 46149 | C8: Bryce | D8: 2 | E8: Create, and draft the formal report | F8: {=_xlfn.IFS(C8="Tyler",21.5,C8="Jacob",22.5,C8="Michael",21.5,C8="Bryce",21.5)} -> 21.5 | G8: =D8*F8 -> 43
A9: Thursday | B9: =B7+1 -> 46150 | C9: Jacob | D9: 2 | E9: Annotated Code document, update required documents | F9: {=_xlfn.IFS(C9="Tyler",21.5,C9="Jacob",22.5,C9="Michael",21.5,C9="Bryce",21.5)} -> 22.5 | G9: =D9*F9 -> 45
A10: Thursday | B10: =B8+1 -> 46150 | C10: Michael | D10: 2 | E10: Finishing touches on the code portion | F10: {=_xlfn.IFS(C10="Tyler",21.5,C10="Jacob",22.5,C10="Michael",21.5,C10="Bryce",21.5)} -> 21.5 | G10: =D10*F10 -> 43
A11: Friday | B11: =B4+1 -> 46148 | C11: Tyler | D11: 3 | E11: Create both technical and non-technical executive summaries, as well as final touches for the project | F11: {=_xlfn.IFS(C11="Tyler",21.5,C11="Jacob",22.5,C11="Michael",21.5,C11="Bryce",21.5)} -> 21.5 | G11: =D11*F11 -> 64.5
A12: Friday | B12: =B5+1 -> 46149 | C12: Bryce | D12: 3 | E12: Create both technical and non-technical executive summaries, as well as final touches for the project | F12: {=_xlfn.IFS(C12="Tyler",21.5,C12="Jacob",22.5,C12="Michael",21.5,C12="Bryce",21.5)} -> 21.5 | G12: =D12*F12 -> 64.5
A13: Friday | B13: =B6+1 -> 46149 | C13: Jacob | D13: 3 | E13: Create both technical and non-technical executive summaries, as well as final touches for the project | F13: {=_xlfn.IFS(C13="Tyler",21.5,C13="Jacob",22.5,C13="Michael",21.5,C13="Bryce",21.5)} -> 22.5 | G13: =D13*F13 -> 67.5
A14: Friday | B14: =B7+1 -> 46150 | C14: Michael | D14: 3 | E14: Create both technical and non-technical executive summaries, as well as final touches for the project | F14: {=_xlfn.IFS(C14="Tyler",21.5,C14="Jacob",22.5,C14="Michael",21.5,C14="Bryce",21.5)} -> 21.5 | G14: =D14*F14 -> 64.5
A15: Total | D15: =SUM(D3:D14) -> 20 | E15: Total | G15: =SUM(G3:G14) -> 435
B19: Individual Totals for the Week | C19: Cost
B21: Tyler | C21: =SUMIF($C$3:$C$14, B21, $G$3:$G$14) -> 107.5
B22: Jacob | C22: =SUMIF($C$3:$C$14, B22, $G$3:$G$14) -> 112.5
B23: Michael | C23: =SUMIF($C$3:$C$14, B23, $G$3:$G$14) -> 107.5
B24: Bryce | C24: =SUMIF($C$3:$C$14, B24, $G$3:$G$14) -> 107.5
B25: TOTAL COST | C25: =SUM(C21:C23) -> 327.5

Sheet Summary
A1: Person | B1: Personal Compensation
A2: Tyler | B2: =SUM('Week Ending 2.28'!C14,'Week Ending 3.7'!C16,'Week Ending 3.14'!C15,'Week Ending 3.21'!C15,'Week Ending 3.28'!C15,'Week Ending 4.4'!C15,'Week Ending 4.11'!C16,'Week Ending 4.18'!C15,'Week Ending 4.25'!C18,'Week Ending 5.2'!C15,'Week Ending 5.9'!C21) -> 283.8
A3: Jacob | B3: =SUM('Week Ending 2.28'!C15,'Week Ending 3.7'!C17,'Week Ending 3.14'!C16,'Week Ending 3.21'!C16,'Week Ending 3.28'!C16,'Week Ending 4.4'!C16,'Week Ending 4.11'!C17,'Week Ending 4.18'!C16,'Week Ending 4.25'!C19,'Week Ending 5.2'!C16,'Week Ending 5.9'!C22) -> 366.75
A4: Michael | B4: =SUM('Week Ending 2.28'!C16,'Week Ending 3.7'!C18,'Week Ending 3.14'!C17,'Week Ending 3.21'!C17,'Week Ending 3.28'!C17,'Week Ending 4.4'!C17,'Week Ending 4.11'!C18,'Week Ending 4.18'!C17,'Week Ending 4.25'!C20,'Week Ending 5.2'!C17,'Week Ending 5.9'!C23) -> 236.5
A5: Bryce | B5: =SUM('Week Ending 3.21'!C18,'Week Ending 3.28'!C18,'Week Ending 4.4'!C18,'Week Ending 4.11'!C19,'Week Ending 4.18'!C18,'Week Ending 4.25'!C21,'Week Ending 5.2'!C18,'Week Ending 5.9'!C24,) -> 193.5
B8: Total Hours Worked | C8: Total Compensation
B9: =SUM('Week Ending 2.28'!D8,'Week Ending 3.7'!D10,'Week Ending 3.14'!D9,'Week Ending 3.21'!D9,'Week Ending 3.28'!D9,'Week Ending 4.4'!D9,'Week Ending 4.11'!D10,'Week Ending 4.18'!D9,'Week Ending 4.25'!D12,'Week Ending 5.2'!D9,'Week Ending 5.9'!D15,) -> 43.5 | C9: =SUM(B2:B5) -> 1080.55
